mean,std,var,min,max,median,ptp,skewness,kurtosis,q25,q75,rms,mav,line_length,zero_crossings,delta_power,theta_power,alpha_power,beta_power,gamma_power,total_power,dominant_freq,spectral_entropy,psd_std,psd_mean,psd_median,psd_q10,psd_q90,peak_ratio,spectral_flatness,spectral_centroid,spectral_bandwidth,spectral_rolloff,mean_abs_diff,std_diff,max_diff,hjorth_mobility,hjorth_complexity,autocorr,slope_changes,trend,crest_factor,approx_entropy,sample_entropy,hurst_exponent,dfa_alpha,lz_complexity,label,subject_id,class
-3.469446951953614e-18,0.9999999353717768,0.9999998707435578,-2.8495991920343555,3.020266392914222,-0.12164408716663494,5.8698655849485775,0.3423291551501136,-0.28990872125874967,-0.7222047095223048,0.6876179023762092,0.9999999353717768,0.8180112005578825,273.0638655740434,99.0,8.049272623602539,30.57292813209762,29.658833550487685,113.27968399589061,49.98820777559512,255.9760415323332,13.0,5.057150049698956,4.0929188663027976,0.9999064122356766,0.10368280462539572,0.016480129559732937,1.3894488443101163,0.2054287150686521,31.0,0.1015625,0.5343715568963667,0.6675774801894876,2.0886461199616035,0.6675775233004578,1.8915117524597078,0.9999998707435576,227.0,-0.08741376264282902,3.6922066476414797,0.5057150049698956,0.5562865054668852,0.2837030622543061,0.2553327560288755,0.205078125,0.0,0.0,1,0,Stress
2.7755575615628914e-17,0.9999999301331943,0.9999998602663935,-2.759817599685256,2.789850546737509,-0.07736374375759117,5.549668146422765,0.10062128715645703,-0.06482452246093695,-0.6172958241634383,0.7035539207984061,0.9999999301331943,0.7945145617094047,231.21095378921777,98.0,26.2660963255059,43.226932155777156,107.02613583468896,42.11791918824366,15.77687807658276,255.6059621759132,10.5,5.185499777354869,3.51664206945257,0.9984607897496609,0.10478206008652036,0.01756806085932918,1.551431390713088,0.12555517533617389,31.0,0.08203125,0.4524676199397608,0.5688959412697675,1.963508797883967,0.5688959809882677,2.5820111338194405,0.9999998602663935,269.0,-0.38863506351026955,3.5113900749458677,0.5185499777354869,0.5704049755090357,0.27471128953781554,0.247240160584034,0.1953125,0.0,0.0,0,8,Control
0.0,0.999999938445326,0.9999998768906557,-2.8134209720637604,2.6107400938085616,-0.03670213327837828,5.4241610658723225,0.1563737168799198,-0.3233948546354357,-0.6910248119780054,0.6211201111570954,0.999999938445326,0.800523892767316,211.63796197683544,86.0,22.428890867077754,31.432547134577824,107.5184685561832,68.31558917603596,7.826101021809585,255.93510292254055,8.0,4.893520910854423,4.265141318028983,0.999746495791174,0.08871385865972978,0.011706162515705703,1.3078018297226168,0.17632164365498842,27.0,0.0625,0.41416430915231983,0.5278280544784836,2.081159656757382,0.527828086942378,2.727427357376469,0.9999998768906557,273.0,0.37253511485197754,3.514474704791947,0.4893520910854423,0.5382873001939865,0.2710444563754376,0.24394001073789387,0.16015625,0.0,0.0,0,7,Control
-1.3877787807814457e-17,0.9999999334802344,0.9999998669604733,-2.548312696446475,2.942762104644134,-0.046971552301652675,5.491074801090608,0.07148982878250466,-0.31954474741805283,-0.6949703974077703,0.7163597023890989,0.9999999334802344,0.8142692785751139,283.2413826201837,105.0,10.574754780890988,30.047414846876613,56.76306782479031,92.38003586446358,37.7222891853768,255.91449155284877,13.0,5.3912868706552395,3.2450484956350008,0.9996659826283155,0.1294804161640685,0.015402283874645279,1.2752280284934905,0.10947813908431343,30.0,0.1015625,0.5542884200003595,0.6742828449486056,2.2377482877192265,0.6742828897680312,1.974598974740498,0.9999998669604735,228.0,0.19862047972215205,3.6139913192258226,0.539128687065524,0.5930415557720764,0.27300985111889253,0.24570886600700328,0.201171875,0.0,0.0,1,1,Stress
-3.469446951953614e-17,0.999999934734552,0.9999998694691081,-3.5707534207739178,2.9126820386147485,0.03388733130886513,6.483435459388666,-0.12069134669978042,0.02089503559342276,-0.6689415318872688,0.6594960948410873,0.999999934734552,0.7917650737448814,286.766652406943,113.0,9.93296032061688,24.391866420191064,58.38422725581633,67.5803558157337,63.179761659609774,255.84580617679688,8.0,5.4562857882876035,3.196302266326614,0.9993976803781128,0.1253861095776022,0.018896483820542244,1.5408407643996025,0.10821882549391398,32.0,0.0625,0.5611871867063464,0.711289735757661,2.209223256624665,0.7112897821447429,1.849549790645851,0.9999998694691079,219.0,-0.15579737042976266,4.509864780261173,0.5456285788287604,0.6001914367116364,0.29963984096398183,0.26967585686758366,0.212890625,0.0,0.0,1,3,Stress
-2.0816681711721685e-17,0.9999999362171662,0.9999998724343364,-3.350392211039574,2.5138681443191895,0.019193973344482654,5.8642603553587636,-0.24032849369263531,0.1190515138144792,-0.6237508357961663,0.6756695018292441,0.9999999362171662,0.7933636636223393,276.93922080773115,114.0,8.905047846434801,25.33625864833866,45.090590004254416,92.52598666962841,59.21133968038989,255.99915011095047,13.0,5.273776287170873,3.4932754268557957,0.9999966801209003,0.11413333295672373,0.012426769669821994,1.5253872311344332,0.12619231070050257,32.0,0.1015625,0.5419554223243271,0.6817289363117741,1.8770715066676544,0.6817289797602939,1.8701616454339771,0.9999998724343364,215.0,-0.17682624118737378,4.223022006478155,0.5273776287170873,0.580115391588796,0.2835499164498913,0.2551949248049022,0.22265625,0.0,0.0,1,1,Stress
-6.938893903907228e-18,0.9999999403895085,0.9999998807790205,-2.611018837527346,2.7982605782950305,-0.06240852681252745,5.409279415822377,0.22316022115130826,-0.22601741925972219,-0.696673842181682,0.6231334096457917,0.9999999403895085,0.7998176151968446,218.55641817033438,82.0,16.360858428995094,25.61001035933066,113.72957234547098,70.19083820304523,13.400470272548777,255.99621006966254,13.0,4.650811636531652,4.586912894666836,0.9999851955846193,0.08187357833377545,0.013722293684386757,1.1499533211176596,0.18123998340552938,26.0,0.1015625,0.42770336236856044,0.5354655643226371,1.6396990159989875,0.5354655962152313,2.6736312599650556,0.9999998807790204,259.0,-0.14705168128253554,3.4986233420934134,0.46508116365316526,0.5115892800184818,0.27060405639434615,0.24354365075491155,0.15234375,0.0,0.0,0,9,Control
1.0408340855860843e-17,0.9999999325104277,0.9999998650208601,-2.8371731050021882,2.7981264638833405,0.026916195423709488,5.635299568885529,-0.02799021037676528,-0.25273409889431653,-0.7264556890253837,0.6999972145713735,0.9999999325104277,0.8097707139177777,295.02109623034954,110.0,14.19839774370848,36.31053718561543,35.535740891622055,68.09837174983161,73.468278942026,255.86860146825404,30.0,5.330445395168065,3.5630030749209736,0.9994867244853674,0.12631292022251495,0.016793655221316643,1.6546397522212353,0.16917620028799168,32.0,0.234375,0.5773406971239717,0.7215012313784691,2.855208270780336,0.7215012800362067,1.7992390204940498,0.9999998650208602,231.0,0.08678320997363714,3.5036746277538273,0.5330445395168065,0.5863489934684871,0.27716582248836136,0.24944924023952522,0.21875,0.0,0.0,1,4,Stress
6.938893903907228e-18,0.9999999366704624,0.9999998733409288,-2.575696037495803,2.9224041553421785,-0.014671998070169369,5.498100192837981,0.06448123997046679,-0.45883106928322714,-0.7199130953954943,0.6495204856565624,0.9999999366704624,0.8108937725660692,237.5086933140979,94.0,16.777044472166136,24.36224266784905,95.06408232073316,73.8147792121113,26.70121604153968,255.81257803258035,13.0,4.958089748592255,4.033750482254434,0.999267882939767,0.08428712631517396,0.011166774113540927,1.35721194829376,0.17194837824341525,29.0,0.1015625,0.4647919634326769,0.5797125779118125,2.0138575417121443,0.5797126145957587,2.414096409465417,0.9999998733409287,236.0,-0.05726439920857425,3.6039297055320234,0.49580897485922554,0.545389872345148,0.27321480986605695,0.24589332887945126,0.18359375,0.0,0.0,0,7,Control
1.3877787807814457e-17,0.9999999381585591,0.9999998763171222,-3.097371661258899,2.7392911143859604,0.007136988730078705,5.836662775644859,-0.1596328514716907,-0.03758331493219602,-0.6833717538288993,0.7503312613031399,0.9999999381585591,0.8055556594107327,214.81938728843818,84.0,18.536337220816574,32.14266345853229,98.34398365758923,78.02839932599801,12.374413925364937,255.76425992358722,13.0,4.8489535361882705,4.393310981213167,0.9990791403265126,0.08451597500450278,0.016385924031963345,1.3308213714277985,0.19955123236824046,30.0,0.1015625,0.42039019038833303,0.5364838221170523,1.836043919390721,0.5364838552671627,2.702312135506843,0.9999998763171223,261.0,-0.28169622535749106,3.8450126005447443,0.4848953536188271,0.5333848889807098,0.2827937561374233,0.25451438052368097,0.1640625,0.0,0.0,0,6,Control
4.163336342344337e-17,0.9999999406815613,0.9999998813631261,-4.214206690965384,2.9348963924294225,0.020965872411338793,7.149103083394807,-0.36095065047150154,1.1862087160014632,-0.5683273292365791,0.593739177480885,0.9999999406815613,0.7594053633815402,220.6918663450143,95.0,15.557497650448072,16.038739708729807,114.84631196910489,71.89349193432298,21.0071296831542,255.93614373134193,13.0,4.654492766539964,4.619927765280632,0.9997505614505544,0.08221828792585559,0.011976710006711624,1.2330978569492226,0.17787775335868153,27.0,0.1015625,0.4318823216145094,0.5459654211633438,1.6596441067932712,0.5459654535218638,2.554269713731972,0.999999881363126,237.0,-0.23156021745365454,5.54935070730222,0.46544927665399644,0.511994204319396,0.3153069266832901,0.2837762340149611,0.173828125,0.0,0.0,0,6,Control
3.122502256758253e-17,0.9999999407378934,0.9999998814757904,-3.0555148333278597,2.982515840646618,0.032233656452086985,6.038030673974477,-0.05895583194619723,-0.11203547125966251,-0.7007704648842091,0.6883957119438932,0.9999999407378934,0.8086151320202757,273.7750321100317,100.0,9.89527389063281,18.432796202812575,42.32796752792789,103.33590500422271,59.86732846013965,255.99988941903902,13.0,4.940637891890627,4.118357341164602,0.9999995680431212,0.0945359650767296,0.01734492616283715,1.2735930040685857,0.17601545996999243,26.0,0.1015625,0.5357632722309819,0.659128010040263,2.1534736356444077,0.6591280490686232,1.8596971610663646,0.9999998814757903,214.0,-0.0890553318877613,3.778701030879761,0.4940637891890627,0.543470168107969,0.28823090792220996,0.25940781712998895,0.19921875,0.0,0.0,1,3,Stress
1.3877787807814457e-17,0.9999999366017985,0.9999998732036011,-2.613874837144923,3.6119930848060173,-0.06857229853392846,6.2258679219509405,0.2893982023710827,0.03606844892034733,-0.7478466236617859,0.6927137347232668,0.9999999366017985,0.8050310876044389,227.3303481550638,84.0,19.40376260706392,35.65879821176486,89.1292010492004,72.16610160820582,20.965758959616135,255.90970913844413,13.0,5.019415632133023,3.8986984139997922,0.9996473013220474,0.10271582692015971,0.010434026440840922,1.3983280179964612,0.16637929948524596,30.0,0.1015625,0.44487347975550645,0.5618669186347155,2.2176311473396852,0.5618669542279765,2.5031594234090253,0.9999998732036011,249.0,-0.18534476549441178,4.486774659977024,0.5019415632133023,0.5521357195346325,0.29314167361587157,0.2638275062542844,0.16796875,0.0,0.0,0,7,Control
-2.7755575615628914e-17,0.9999999328130478,0.9999998656261,-2.442707137447852,2.5486376955210392,-0.02423043358398906,4.991344832968892,0.17588518176282303,-0.4406773832105624,-0.7302470645424906,0.6357053274955945,0.9999999328130478,0.8204133735001582,237.65309430331072,97.0,16.37356307012896,23.008403195136662,110.3712962105465,67.18954213797987,18.17608035632144,255.98264325427684,13.0,5.125935237677101,3.8454928461120277,0.9999322002120189,0.11412412807840058,0.015816502858493325,1.5230296321816494,0.1408007481840427,35.0,0.1015625,0.46507454853876856,0.5851736015126766,1.641883442767378,0.5851736407994513,2.464830405807746,0.9999998656261001,276.0,-0.3450182398138005,3.1065287055683215,0.5125935237677102,0.5638528761444811,0.25771429715154914,0.23194286743639422,0.189453125,0.0,0.0,0,8,Control
6.938893903907228e-18,0.9999999400934663,0.9999998801869361,-3.282808430256187,2.307107850288909,0.05916514863558124,5.589916280545095,-0.22776926358262062,-0.23667095769894786,-0.681974941769069,0.6787426470819559,0.9999999400934663,0.8073063767624679,235.139949805886,101.0,15.714547242999142,27.980183744517905,79.39265752847133,88.96596630461418,25.530878791643946,255.91860301635552,13.0,4.8263946301147165,4.641055069235122,0.9996820430326387,0.10956141999498462,0.01597011521152365,1.3505139520059437,0.24381077073907728,28.0,0.1015625,0.4601564575457652,0.5717357046955777,1.9050356641803816,0.5717357389176972,2.44729278398838,0.9999998801869361,255.0,-0.14996929601213616,4.066372475607787,0.48263946301147165,0.5309034093126188,0.27586964027281924,0.24828267624553732,0.201171875,0.0,0.0,0,5,Control
0.0,0.9999999359726606,0.9999998719453251,-3.04326368828722,3.175210070791516,0.040870574519716256,6.218473759078736,-0.15932082288398555,0.004862045815616778,-0.6860593284480846,0.6792173764917535,0.9999999359726606,0.7964955856758948,237.6011600980261,105.0,22.53677008684986,16.121185136097985,109.21922046705244,65.95535959021123,23.84487106086656,255.9759519632947,8.0,5.052178501045646,3.809293854138571,0.9999060623566199,0.1023869592926694,0.012769512122588932,1.273569460355397,0.1440330121479134,27.0,0.0625,0.4649729160431039,0.5738305848346339,1.5528378796353342,0.5738306215467904,2.4523910099126396,0.999999871945325,254.0,-0.30469378438763783,3.986475414924529,0.5052178501045647,0.5557396351150211,0.29295118065505477,0.2636560625895493,0.201171875,0.0,0.0,0,5,Control
-6.938893903907228e-18,0.999999933866682,0.9999998677333684,-2.7723566914370528,3.0413344440451353,0.007238418902069519,5.813691135482188,0.08785247639823268,-0.22243101510202123,-0.6906307378708818,0.6641621400786972,0.999999933866682,0.8104962989376123,229.78227043742353,87.0,19.48975962164621,27.825144945513753,99.10565693898566,71.5017140650437,19.137627236607674,255.9541279763451,10.5,5.059043834963354,3.9934801764734194,0.999820812407598,0.09695086190717035,0.014246413780674169,1.852273180521073,0.15857906208275113,31.0,0.08203125,0.44967176210846094,0.5667553858666703,1.6746831352102518,0.5667554233197492,2.537819316706358,0.9999998677333684,269.0,-0.2049272965708997,3.7524347090251147,0.5059043834963355,0.556494821845969,0.282161613620042,0.25394545225803783,0.169921875,0.0,0.0,0,9,Control
2.0816681711721685e-17,0.9999999371512847,0.9999998743025733,-2.4370837834700554,2.6166119800133307,0.020211181612655685,5.053695763483386,0.0635657771548984,-0.19775858707826277,-0.7371322316802369,0.623107748457792,0.9999999371512847,0.7929062035561293,242.4603295666655,104.0,20.3851023946095,21.424468090379627,89.04590147459129,88.60221658000572,14.695623439851346,255.99949082321123,13.0,4.905864009028945,4.60880140516966,0.9999980110281689,0.11692901394297306,0.016871970612617214,1.3545830222546256,0.2327721529521429,29.0,0.1015625,0.47448205394650783,0.5873422065550766,1.664627125348743,0.5873422434394149,2.5008105276874435,0.9999998743025734,262.0,0.14223279390340177,3.3000271254632705,0.4905864009028945,0.539645040993184,0.2597043228924131,0.23373389060317176,0.19140625,0.0,0.0,0,8,Control
-1.3877787807814457e-17,0.999999940675429,0.9999998813508614,-2.8284775536188866,3.4095049723061623,-0.03597053927464629,6.237982525925049,0.16169353474562795,-0.2955293796759304,-0.7403528807021152,0.6660950471986301,0.999999940675429,0.8129960702430739,211.85797155008095,90.0,14.38148069267076,32.273140819878165,111.76582945406814,66.30150992211966,15.17747409387628,255.98212087384016,13.0,4.703963592252545,4.326640700831008,0.9999301596634381,0.07941141517854522,0.013477332117942043,0.9289295942334415,0.16138320813415094,26.0,0.1015625,0.41459485626238934,0.514734521204401,1.634839843572672,0.5147345517150708,2.659311545202235,0.9999998813508615,256.0,0.24390275344665163,4.193753323884327,0.47039635922525447,0.5174359951477799,0.29345328853647346,0.26410795968282613,0.1796875,0.0,0.0,0,5,Control
0.0,0.9999999379214809,0.9999998758429656,-2.327299900332757,3.2866392257365096,-0.04580325545850434,5.613939126069266,0.29559527171580985,-0.0960103946152695,-0.743128336356357,0.6577064243240167,0.9999999379214809,0.7997478270648526,280.8361289726372,121.0,8.855506838060029,21.465004986277812,24.818500668783322,107.73763440909215,69.5355429785747,255.99969257410027,13.0,4.970487858362229,4.278544000980301,0.9999987991175792,0.10830608325674662,0.014818537076182964,1.4975142763655684,0.17779306133378228,31.0,0.1015625,0.5495814656998771,0.68681230757263,2.231634880936695,0.6868123501745831,1.7956195724770372,0.9999998758429655,221.0,-0.1263311065816054,4.109594442272904,0.4970487858362229,0.5467536644198452,0.2765570566331045,0.24890135096979404,0.236328125,0.0,0.0,1,0,Stress
2.7755575615628914e-17,0.9999999279945221,0.9999998559890493,-2.91070230975688,2.611627098841334,0.03954350662692527,5.522329408598214,-0.24599606598068355,-0.226817561469848,-0.6167448818499408,0.720120329352302,0.9999999279945221,0.8026843163347993,275.1856388592588,115.0,24.171250328091713,17.23075608665386,93.84699096487974,57.8915451839954,33.356695078156804,255.99512832805388,10.5,5.566516536688864,3.015463368882616,0.9999809700314605,0.16125676971521574,0.018251711153640368,2.0181328826775795,0.09739911485448566,31.0,0.08203125,0.5385237551061816,0.6707437499445027,2.147098625105124,0.6707437982081933,2.1451369121807367,0.9999998559890493,270.0,-0.29437796116106035,3.6262105165889476,0.5566516536688865,0.6123168190357751,0.27391967238004633,0.2465277051420417,0.208984375,0.0,0.0,0,6,Control
-4.163336342344337e-17,0.9999999399081186,0.9999998798162408,-2.6434415163612575,3.0677291903117276,0.01850378247884511,5.711170706672985,-0.004480761658373207,0.18051360180113019,-0.5995151083003789,0.6499833657236206,0.9999999399081186,0.7895314832176099,215.50687383718122,96.0,16.914417149752346,24.511663780915754,106.18984480820731,77.40789725589197,14.51263652598644,255.97610957645762,13.0,4.7665526575658514,4.608378690359834,0.9999066780330376,0.10047180137266624,0.012586865737325321,1.3717353262974066,0.2063278548028505,31.0,0.1015625,0.42173556523910216,0.5374584459158498,2.0486511033019976,0.537458478185868,2.6432535192803006,0.9999998798162408,260.0,-0.14416370816541627,3.885505841288475,0.4766552657565852,0.5243207923322437,0.27930962154311834,0.2513786593888065,0.1796875,0.0,0.0,0,7,Control
2.7755575615628914e-17,0.9999999359783274,0.9999998719566588,-2.481974880419532,2.5330868074837998,0.015067394058294856,5.015061687903332,-0.047286711314441954,-0.43983788880075503,-0.6853540942992994,0.6829592593971717,0.9999999359783274,0.8103940614682663,231.36881289071465,90.0,18.379928445244104,30.73080976927863,130.9666315961194,37.18311627044426,21.43674918195732,255.9305684429215,8.0,4.9432208626651795,4.057188674106519,0.9997287829801621,0.09118071692655122,0.009875405384729946,1.5799557134116005,0.18114044968189438,30.0,0.0625,0.4527765418604983,0.5530607776522302,1.687335439347494,0.5530608130324555,2.6205056427408646,0.999999871956659,276.0,-0.10712628828115381,3.125747000887193,0.49432208626651797,0.5437542948931697,0.25847417100842834,0.23262675390758553,0.171875,0.0,0.0,0,9,Control
-2.7755575615628914e-17,0.9999999363699231,0.9999998727398502,-3.0594471438000306,2.5650058948171903,0.026790910675391084,5.6244530386172205,-0.10645627009921642,0.036926902607963275,-0.6345916079601284,0.6903533045534977,0.9999999363699231,0.7930228425746447,231.47836384839778,97.0,21.62504744189633,18.84089281847476,93.91842160054362,74.78222075234112,29.776684283077255,255.9737968860655,13.0,4.974284067275474,3.900289807729097,0.9998976440861933,0.09167225752523829,0.011618300753856826,1.2265281368747045,0.15401796934962775,28.0,0.1015625,0.45299092729627743,0.5596946507352653,1.767843158883264,0.5596946863206964,2.445393283405025,0.9999998727398502,249.0,0.2799305732686732,3.857955886215546,0.4974284067275474,0.5471712474003021,0.2768569885544525,0.24917128969900726,0.185546875,0.0,0.0,0,8,Control
-1.3877787807814457e-17,0.9999999372791092,0.9999998745582223,-3.0403895206846534,2.977262299926134,-0.03772684114389119,6.017651820610787,0.11212099564233007,0.127201209923542,-0.6697607870451009,0.694186380715675,0.9999999372791092,0.7978566284576806,280.8959512831066,115.0,9.288482470567324,28.934972698155327,33.34629791495469,84.69968326483223,77.66589955741468,255.90720735002833,30.0,5.036817310094912,4.048500141130073,0.9996375287110482,0.09926690703148283,0.014028255717580498,1.4133344463646451,0.1971113970136269,31.0,0.234375,0.5496985348006,0.6887326526044164,2.593385806004948,0.688732695767908,1.7931445205732395,0.9999998745582223,212.0,0.18335027911756646,3.8106965736198686,0.5036817310094912,0.5540499041104403,0.2876889695066845,0.25892007255601607,0.228515625,0.0,0.0,1,0,Stress
3.469446951953614e-18,0.9999999283443987,0.9999998566888024,-3.226348485069837,2.7180186321486888,-0.005382261285156179,5.944367117218526,0.0503815768694046,-0.21739083030703465,-0.6711226112022073,0.6620880206908248,0.9999999283443987,0.7993918943719897,291.4695566802867,120.0,10.796920481761639,16.739260345074648,65.1227325811951,88.95347258617423,43.56929883764926,255.96447117926172,8.0,5.487182583894022,3.2339272993423367,0.9998612155439911,0.13019176431791518,0.017768854912241616,1.8717163114927295,0.13314498776426803,33.0,0.0625,0.5703905218792303,0.7097488402111821,1.9742313375284044,0.7097488910331783,1.8638663499481285,0.9999998566888024,232.0,0.060170250413295046,4.036003501387625,0.5487182583894022,0.6035900842283424,0.28572481344814105,0.25715233210332694,0.234375,0.0,0.0,1,0,Stress
-2.0816681711721685e-17,0.9999999403478688,0.9999998806957411,-3.0668724216858516,2.902864080553809,0.02108772367445642,5.969736502239661,-0.032157524053984955,-0.4155060468368288,-0.71795688654062,0.7255495693815661,0.9999999403478688,0.8163545578306919,274.61223483132585,108.0,6.428662458288764,18.066138793252655,45.26078409384143,97.3534300232326,67.72899379706335,255.9830125181795,13.0,4.890696865530643,4.3700560060873235,0.9999336426491386,0.0957651659239259,0.014115867740475116,1.3977823275790398,0.18439939248202472,30.0,0.1015625,0.5374016337207942,0.6694633437036192,2.163488096901161,0.6694633836050636,1.8816789081188623,0.9999998806957411,204.0,0.13960480554260274,3.7567897329559927,0.4890696865530643,0.5379766552083707,0.2864074822000758,0.2577667339800682,0.203125,0.0,0.0,1,4,Stress
2.0816681711721685e-17,0.9999999355729832,0.9999998711459706,-2.7316654010556385,2.8375147972521693,0.012992786032318382,5.569180198307808,-0.04527583017822753,-0.023542271809478432,-0.6153018133909791,0.6623285947952233,0.9999999355729832,0.7892916654105431,298.70660233461405,125.0,9.23407951795927,16.987987751744043,59.11950612370609,65.00340387280954,78.38861858274319,255.98529874380233,30.0,5.152888876742372,3.9422555328714894,0.9999425732179779,0.121752272236087,0.01554404336048798,1.3334220969901622,0.17964287007660554,29.0,0.234375,0.5845530378368181,0.7194777165907981,2.426633729961202,0.7194777629086301,1.7678168128704788,0.9999998711459706,245.0,-0.09465998884749852,3.5950142656286124,0.5152888876742372,0.5668177764416609,0.2752738962812,0.24774650665308004,0.25390625,0.0,0.0,1,4,Stress
6.938893903907228e-18,0.9999999320044765,0.9999998640089576,-2.619799256044082,2.7529102873492843,0.006729934536736537,5.372709543393366,-0.03470700943912696,-0.16083345685714034,-0.6325962186537087,0.6842119063115171,0.9999999320044765,0.7972556143834253,277.99704498581434,114.0,9.689034069217767,24.350626836778225,63.68833332010774,97.09920205626166,31.3378691725627,255.9400994410315,8.0,5.39544663840729,3.2697124300049665,0.9997660134415293,0.1269878334594883,0.016110548559136954,1.6573564227750244,0.1139715064357724,32.0,0.0625,0.5440255283479732,0.6816982348590258,1.8653334338489702,0.6816982811773724,1.9704012327550477,0.9999998640089576,235.0,0.18317756067718866,3.4529832557316116,0.5395446638407291,0.5934991302248019,0.26951666043142025,0.24256499438827822,0.22265625,0.0,0.0,1,3,Stress
-1.0408340855860843e-17,0.9999999340356296,0.9999998680712636,-3.155305732157639,3.4556241961143503,0.021079051130354555,6.6109299282719896,-0.0518334486480541,0.02677431363522853,-0.6825437891833621,0.6864125814132443,0.9999999340356296,0.800977321460168,295.67117913309414,122.0,9.250970045810828,27.76476851189608,30.223589334412903,110.1039233292241,47.66451371669809,255.82026081870129,13.0,5.316348416071818,3.665434294331944,0.9992978938230519,0.1482367829421336,0.015308104248565869,1.4653516268465756,0.1746730574992959,30.0,0.1015625,0.5786128750158398,0.7154957800464368,1.9455416386926792,0.7154958272078936,1.8954031953323918,0.9999998680712636,226.0,-0.06792294208377853,4.31425972134065,0.5316348416071819,0.5847983257679,0.3027614797914803,0.2724853318123323,0.24609375,0.0,0.0,1,2,Stress
2.42861286636753e-17,0.9999999349653983,0.9999998699308008,-2.3975084009107333,3.2472157210000643,-0.05909480981087738,5.644724121910798,0.18025465340465122,-0.442861359090414,-0.7526318074198468,0.7040340566923255,0.9999999349653983,0.8172001919292627,235.83482165221534,87.0,22.03719749424721,22.376611818864852,127.94299331770655,34.45229955110828,30.30996090921366,255.98210185453155,8.0,4.969351094023639,4.106434061628764,0.9999300853692639,0.09151551335595252,0.010984128993367905,1.5525871520377255,0.18818161156041893,33.0,0.0625,0.4615162850336895,0.5750287007344498,1.9126508509657965,0.5750287381024632,2.436130139022975,0.9999998699308009,234.0,0.09269559078037984,3.9735865858482153,0.49693510940236396,0.5466286203426003,0.2774336851862315,0.24969031666760838,0.166015625,0.0,0.0,0,6,Control
1.0408340855860843e-17,0.999999931036383,0.9999998620727707,-2.7721232571548304,3.2732966767100913,-0.0416068405585972,6.045419933864922,0.08864284773584467,-0.31682638722781054,-0.7248800928339818,0.6913588144446136,0.999999931036383,0.8183378339507306,294.1335665009911,119.0,8.999146748656305,26.95282821637199,49.345172099099635,86.32537892083124,50.94898138008747,255.97960174039906,21.5,5.483479545238116,3.046536160670706,0.9999203192984338,0.12796857502248477,0.020554758599889277,1.425331726620259,0.09251478379637111,31.0,0.16796875,0.5756038483385344,0.7213612303436008,2.6932873111986506,0.7213612800552157,1.8552028879682234,0.9999998620727708,233.0,-0.11684998177216746,3.99993320668976,0.5483479545238116,0.6031827499761928,0.2884269618261365,0.2595842656435228,0.236328125,0.0,0.0,1,0,Stress
3.469446951953614e-18,0.999999937198148,0.9999998743962998,-2.634036052435594,2.5715001882816555,-0.019215969988088433,5.205536240717249,0.043543653198765284,-0.5317022304561436,-0.7192264844874108,0.7146689325505493,0.999999937198148,0.8242160261695022,236.4405004912366,94.0,18.589169150776108,27.4406487081239,96.67478614003853,67.70214908271882,24.947892581078722,255.92038978227018,13.0,5.171704668664225,3.579955061427581,0.9996890225869929,0.09787576129057052,0.011300608798303198,1.7381375870675944,0.12717861372530842,29.0,0.1015625,0.46270156651905403,0.5849512876947595,1.859845998383434,0.5849513244015384,2.3868878844369465,0.9999998743962999,241.0,0.0025324631140597395,3.1958078567794277,0.5171704668664225,0.5688875135530648,0.2644496531959307,0.23800468787633766,0.18359375,0.0,0.0,0,5,Control
-1.734723475976807e-18,0.9999999304718443,0.9999998609436935,-2.977192017781205,2.8363210534798355,0.017199707583936994,5.81351307126104,0.01643385214717107,-0.16212532799190393,-0.6882250724901411,0.6641376948275185,0.9999999304718443,0.8014642197324553,315.4941045885826,129.0,10.286803422495757,24.52411322761574,35.21203216660916,79.64659194083573,75.50042471162861,255.94053505121747,30.0,5.425838113838564,3.416422756631811,0.9997677150438182,0.12779064988968603,0.015375079872961404,2.0970885378795527,0.15329847822677353,33.0,0.234375,0.6174052927369523,0.7513037297403845,2.2083002629804174,0.7513037819395857,1.7317266841737076,0.9999998609436935,231.0,0.018524569428321928,3.714691116720821,0.5425838113838565,0.596842192522242,0.282156704368889,0.2539410339320001,0.251953125,0.0,0.0,1,1,Stress
2.7755575615628914e-17,0.999999927014798,0.9999998540296013,-2.569510949834492,2.8712417917949002,-0.016390163243304938,5.440752741629392,0.050049714492775565,-0.14392103893559405,-0.6755997358881247,0.6941135851597955,0.999999927014798,0.7965273183277497,292.99753383505004,120.0,11.835258734727903,33.90531772649126,52.04121231873584,85.47329301715254,41.725966536895264,255.96656543510886,21.5,5.599075941766241,2.9808763424868396,0.999869396230894,0.15602004565861752,0.014473701018666081,1.6276151981412252,0.10841682980169147,32.0,0.16796875,0.5733806924364971,0.7239995538931697,2.3698919250231545,0.7239996066982273,1.9153603859136752,0.9999998540296015,234.0,0.016117677758062915,3.6046997075535216,0.5599075941766242,0.6158983535942865,0.27153404120788416,0.24438063708709576,0.23046875,0.0,0.0,1,3,Stress
-6.938893903907228e-18,0.9999999412475041,0.9999998824950118,-2.8162090348977675,2.5832392015528773,-0.008124137109918234,5.399448236450645,0.0009697760911567163,-0.21845446504388688,-0.6896685460502023,0.6637852693733265,0.9999999412475041,0.7990800658065994,212.49890594016685,83.0,18.887367514023254,9.932941536390718,124.12979715348713,69.32224001853298,17.995284447334154,255.9593330726265,8.0,4.546276335921542,4.860972163508613,0.9998411448149472,0.08165277321675377,0.006677784909319669,0.9499047667128314,0.2018840918669041,26.0,0.0625,0.41584913099836956,0.5334396842025916,2.3325008039054542,0.5334397155168342,2.6323416199591954,0.9999998824950119,260.0,0.1876434741495605,3.524313964336761,0.4546276335921542,0.5000903969513696,0.27031245244894725,0.24328120720405252,0.166015625,0.0,0.0,0,9,Control
3.469446951953614e-18,0.9999999295657442,0.9999998591314934,-2.479814484138847,2.31467904010082,0.04531262415187933,4.794493524239667,-0.1747946864949081,-0.43437286416555043,-0.690141243651083,0.7543043512084835,0.9999999295657442,0.8139346598728113,291.8159085061196,117.0,10.049328385674537,22.76578771496334,32.007382906194415,124.6755301429431,38.19199270675774,255.97102240862756,13.0,5.247743242613527,3.954593897612789,0.9998868062837014,0.12875106898586225,0.028097274238579793,1.540562893773576,0.19603289140857297,28.0,0.1015625,0.5710683141019953,0.7014339854661692,2.5849590518128456,0.7014340348360817,1.946626025343798,0.9999998591314934,249.0,-0.07972487442874143,3.0466996997298073,0.5247743242613527,0.577251756687488,0.25126428031478815,0.22613785228330935,0.240234375,0.0,0.0,1,1,Stress
-1.0408340855860843e-17,0.9999999356881221,0.9999998713762482,-2.825766830199922,2.3648464275557064,-0.029578400366420284,5.190613257755628,-0.00615112320754732,-0.6471419200593913,-0.7516285697995457,0.7796488406686161,0.9999999356881221,0.8249964308660007,232.40661574732857,83.0,18.20276539375292,18.954295257140082,119.05815976365476,64.20376001481814,14.598302604289561,255.95873773547802,10.5,5.04286538550007,4.014749317050939,0.999838819279211,0.11871330776135354,0.011678432551869747,1.120523261510118,0.1469927555387286,28.0,0.08203125,0.4548074672159072,0.5742387345405663,2.1038987388024943,0.5742387714422281,2.509480557996923,0.9999998713762484,258.0,0.09961326725735106,3.4251867331003956,0.504286538550007,0.5547151924050077,0.26398945467125423,0.2375905092041288,0.166015625,0.0,0.0,0,7,Control
-6.938893903907228e-18,0.9999999407670995,0.9999998815342026,-2.3758514088185954,3.3950289272450593,-0.01432422137114827,5.770880336063655,0.271245968988139,0.10018056099633244,-0.6835808153200936,0.6124689527034075,0.9999999407670995,0.7863863320892068,211.30150753716308,91.0,15.10281656663391,32.2632023395697,114.97207818705057,57.96562256186216,20.684343117712096,255.9978501349913,8.0,4.813449650455758,4.443765343126983,0.9999916020898098,0.09170856075058209,0.010128922435915053,1.017667398363061,0.21561811029235842,26.0,0.0625,0.4135058855913172,0.5161000063011879,1.6159922267054476,0.516100036845485,2.6950773534562034,0.9999998815342026,238.0,0.2327398775289689,4.317253223099261,0.48134496504557583,0.5294794615501334,0.28097683346280433,0.2528791501165239,0.177734375,0.0,0.0,0,9,Control
1.3877787807814457e-17,0.9999999399279912,0.9999998798559859,-2.6771818639537788,2.759491047112688,-0.05784106125070276,5.436672911066466,0.1070315234785281,-0.07064709585820861,-0.640614594905526,0.6930829852082848,0.9999999399279912,0.802855670451668,230.36614013178203,90.0,11.600483764617593,21.394223087812456,100.25511368700548,83.2844949359778,21.942456758984143,255.98255396831547,13.0,4.739662841275312,4.543167183717695,0.9999318514387323,0.09058009516485005,0.013830565900781602,1.419922550794435,0.2169770450213987,32.0,0.1015625,0.45081436425006266,0.5593840803128967,1.813461080337803,0.5593841138882549,2.505756134858106,0.9999998798559857,247.0,-0.07794250811631682,3.4370947959009284,0.47396628412753117,0.5213629125402843,0.27141379108606944,0.2442724119774625,0.19140625,0.0,0.0,0,6,Control
-6.938893903907228e-18,0.9999999362380602,0.9999998724761243,-2.5690583921791412,3.439284196371426,-0.03814767966860855,6.008342588550567,0.1347169115079587,-0.0067374823883294965,-0.661376212366968,0.678898317678666,0.9999999362380602,0.7924329378630037,232.58472741518233,96.0,22.734725603173494,25.63488250194652,82.88560115764612,90.05816394434478,16.05878638513043,255.95624131308128,13.0,4.914975586620674,4.477385008355222,0.9998290676292237,0.1107945286082776,0.015230371739901133,1.1585007742162627,0.23144771603533928,30.0,0.1015625,0.4551560223389087,0.5684928435823053,1.7791393728334277,0.5684928798020895,2.575386231782051,0.9999998724761244,259.0,-0.11634126702386201,4.340158052001613,0.4914975586620674,0.5406473145282741,0.28744079642201503,0.25869671677981354,0.18359375,0.0,0.0,0,5,Control
-3.469446951953614e-17,0.9999999349467483,0.9999998698935009,-2.851213599017313,2.7075247095243613,-0.06499851122088862,5.558738308541674,-0.021543133071339347,-0.2223647809996696,-0.7042879424678553,0.6901028843313158,0.9999999349467483,0.8051074424107638,289.36798883886036,113.0,9.909593868997908,25.48346167358971,53.92817838663191,80.33486797149399,58.11030367804225,255.8659263083492,30.0,5.339402630545606,3.3614464630701892,0.9994762746419891,0.1319315684306338,0.023317101987813036,1.4617569331619014,0.10994192273775502,32.0,0.234375,0.566277864655304,0.7079126371480168,2.283490857903583,0.7079126831646431,1.8715218729869498,0.9999998698935009,235.0,0.1993760908225674,3.541407579248895,0.5339402630545605,0.5873342893600166,0.2749730621031635,0.24747575589284718,0.2265625,0.0,0.0,1,2,Stress
0.0,0.9999999398332122,0.999999879666428,-3.0588878514254185,2.814197783645653,0.027902643245592797,5.873085635071071,-0.17156689913079115,-0.04647120950219197,-0.5588835508672303,0.6722784206200418,0.9999999398332122,0.7866788665808784,266.1348372012226,121.0,8.774225051508285,15.922867571351246,47.2215509198047,101.76254495263474,59.86880567438573,255.99981055737584,13.0,4.862803178161486,4.428044399013233,0.9999992599897494,0.09654727729380311,0.017559050066431593,1.3473100725062004,0.20185763058023296,29.0,0.1015625,0.5208118144838015,0.6564522769941109,2.495032022494657,0.6564523164579156,1.8852554024860728,0.9999998796664281,212.0,-0.18968735184327923,3.8883564577390346,0.4862803178161486,0.5349083495977635,0.2837909733874679,0.2554118760487211,0.22265625,0.0,0.0,1,3,Stress
-3.469446951953614e-17,0.9999999304821016,0.999999860964208,-2.960127289323787,3.196820402192192,0.021158308818219892,6.156947691515979,0.07116352036418065,0.10883481112707738,-0.6610758612693084,0.6818374593944314,0.9999999304821016,0.7938724397391308,289.9126218119782,121.0,9.800692804471216,30.111367659903646,38.272761587988605,90.82006526134343,55.93675833726615,255.9943232295478,13.0,5.4233181636278776,3.175771823763223,0.9999778251154211,0.14290416135847545,0.01982172722249622,1.373735188569959,0.09636101413480326,32.0,0.1015625,0.567343682606611,0.7131129117222429,2.7589151255225604,0.7131129612607016,1.825364145604554,0.999999860964208,223.0,-0.15200260941638233,4.026869106124898,0.5423318163627878,0.5965649979990665,0.29135726798199524,0.2622215411837957,0.236328125,0.0,0.0,1,2,Stress
-6.938893903907228e-18,0.9999999320876589,0.9999998641753225,-3.052631437433721,3.1798395231395773,-0.017391465136258756,6.232470960573298,0.010963229678290042,-0.1019349552180131,-0.7035868963646977,0.6967082787631672,0.9999999320876589,0.8127072407041948,256.12359115816633,96.0,22.62541891693232,20.30183547064998,107.62225300302534,54.671706554479265,28.936590532348266,255.6548866238834,10.5,5.225252467319842,3.5764995336614556,0.9986519008745446,0.12215670097384035,0.020794671175595948,1.5468380181301404,0.14520269668283634,28.0,0.08203125,0.501220334947488,0.6173354530270478,1.7326198605330134,0.6173354949208798,2.3528601297075076,0.9999998641753225,268.0,-0.04577290818138939,3.9126506612553915,0.5225252467319842,0.5747777714051826,0.2933115948340075,0.2639804353506067,0.1953125,0.0,0.0,0,8,Control
-6.938893903907228e-18,0.9999999354799065,0.9999998709598172,-3.3589799498641866,2.4028703756151892,0.05163282512415135,5.761850325479376,-0.20850030598205566,-0.1976771934374928,-0.6667075586840846,0.7197218436596565,0.9999999354799065,0.8072667681758972,285.3706625030786,122.0,5.927832118838754,27.15070578373424,54.94512649553415,78.84375927460518,62.862262596846755,255.9993476885251,30.0,5.266269470171152,3.499658056860934,0.9999974519083011,0.12007822508612952,0.014790517363530462,1.7007462482672069,0.12690417343591504,30.0,0.234375,0.5584553082252027,0.6992141215291469,2.395899855578999,0.6992141666075495,1.8308731752749727,0.9999998709598172,231.0,0.09697046057540902,4.160929301026545,0.5266269470171152,0.5792896417188267,0.2807258085889716,0.2526532277300745,0.23046875,0.0,0.0,1,2,Stress
-2.0816681711721685e-17,0.9999999372302996,0.999999874460603,-2.7668449430834867,2.6807667826007764,-0.026877359633374197,5.447611725684263,0.029922437030483282,-0.4512403919497938,-0.7028252226210047,0.760516548728728,0.9999999372302996,0.8154539635057683,281.0415501098588,118.0,10.017836054219561,27.335616335853928,37.027316902916006,86.67472364036492,68.56800935044429,255.95981758117543,30.0,5.222508881053806,3.7032447294920785,0.9998430374264665,0.11251448037857883,0.017771352951957923,1.3722116011031253,0.16412635964460492,30.0,0.234375,0.5499834640114654,0.6978086061184947,2.0591513484645922,0.6978086498848443,1.7951422612047534,0.9999998744606031,217.0,0.18969113831141282,3.393011827239238,0.5222508881053807,0.5744759769159187,0.2717359967170485,0.24456239704534366,0.2265625,0.0,0.0,1,1,Stress
6.938893903907228e-18,0.9999999376369958,0.9999998752739956,-2.971041209912975,2.8807120350174364,0.010256162055135794,5.8517532449304115,-0.1666491444977714,-0.03656774842717869,-0.6846620043844016,0.7062408984036067,0.9999999376369958,0.8047989842418759,283.00533032423095,116.0,9.013081006633861,20.052594882671443,36.83520982339277,94.58914386225351,70.81963261159261,255.99993858140863,13.0,5.099851331064155,4.048829689068822,0.9999997600836275,0.11540614272191022,0.019641685687078234,1.394924919018035,0.16949067037067134,31.0,0.1015625,0.5538264781296105,0.6937626556911067,2.192700217543418,0.6937626989215446,1.823612097419236,0.9999998752739956,221.0,0.07154649495212,3.6916562616471778,0.5099851331064155,0.560983646417057,0.2832076694922904,0.2548869025430614,0.22265625,0.0,0.0,1,4,Stress
3.469446951953614e-17,0.9999999434695688,0.9999998869391407,-3.140728664084728,3.028213183962581,-0.003118149809145435,6.168941848047309,0.025784336415148563,-0.1379014095840292,-0.6799532725083761,0.7047807093681452,0.9999999434695688,0.8086125277184814,266.46529789273234,104.0,5.783499331893848,28.310041156087408,40.85731336909169,100.70728178164194,59.083554215421124,255.9801096417129,13.0,4.8682184877735,4.295610837199537,0.999922303287941,0.10650218384582143,0.012374798150696727,1.2877858730804834,0.18495888306142536,28.0,0.1015625,0.5214585085963451,0.6556628134724304,2.0185224231830166,0.655662850504551,1.9487530484972821,0.9999998869391405,208.0,0.17966826499335675,3.8840959743203034,0.4868218487773501,0.535504033655085,0.2916692364534293,0.2625023128080864,0.203125,0.0,0.0,1,2,Stress
2.42861286636753e-17,0.9999999373747009,0.9999998747494058,-3.34700332954358,2.629905202326906,0.0029051185978578864,5.976908531870485,-0.10538238422417061,-0.07927564954689581,-0.6938842931656706,0.7105653511104228,0.9999999373747009,0.8027186516955525,284.185268086715,114.0,8.703587624774642,24.571605271038194,42.8913086019536,78.18656320640856,78.23543788452744,255.92088019851542,30.0,5.010034472920432,4.1058141838364834,0.9996909382754509,0.10766179107113583,0.01197292031848892,1.092799662901851,0.20013492229099278,28.0,0.234375,0.5561355539857437,0.6929665353239991,1.8935861853013398,0.69296657868659,1.7886318978605762,0.9999998747494057,197.0,0.011299894156119171,4.16958460110136,0.5010034472920432,0.5511037920212475,0.2865999505256428,0.2579399554730785,0.2265625,0.0,0.0,1,4,Stress
